[
    {
        "accordion" : "Input",
        "type" : "choiceInput",
        "display": "Appliance input",
        "label": "Input",
        "draggable": true,
        "stratchable": false,
        "services" : [
          "http://192.168.1.175:8888/api/v1(services)"
        ],
        "subServices" : [
          "http://192.168.1.175:8888/api/v1/appliances/(http://192.168.1.175:8888/api/v1(id))"
        ],
        "input":[
          {
            "dataType": "",
            "name": ""
          }
        ],
        "output": [
          {
            "dataType": "",
            "name": "Output"
          }
        ]
      },
      {
          "accordion" : "Input",
          "type" : "choiceInput",
          "display": "Digital input",
          "label": "Input",
          "draggable": true,
          "stratchable": false,
          "services" : [
            "http://192.168.1.175:8888/hal/io"
          ],
          "subServices" : [
          ],
          "input":[
            {
              "dataType": "",
              "name": ""
            }
          ],
          "output": [
            {
              "dataType": "bool",
              "name": "Output"
            }
          ]
        },
        {
          "accordion" : "Input",
          "type" : "choiceInput",
          "display": "Analogue input",
          "label": "Input",
          "draggable": true,
          "stratchable": false,
          "services" : [
            "http://192.168.1.175:8888/hal/io"
          ],
          "subServices" : [
          ],
          "input":[
            {
              "dataType": "",
              "name": ""
            }
          ],
          "output": [
            {
              "dataType": "value",
              "name": "Output"
            }
          ]
        },
        {
            "accordion" : "Input",
            "type" : "constantInput",
            "display": "Analogue input",
            "label": "Input",
            "draggable": true,
            "stratchable": false,
            "services" : [
            ],
            "subServices" : [
            ],
            "input":[
              {
                "dataType": "",
                "name": ""
              }
            ],
            "output": [
              {
                "dataType": "value",
                "name": "Output"
              }
            ]
        }
]