{
  "nodes": [
    {
      "accordion" : "Output",
      "primaryType": "outputNode",
      "type" : "analogueOutput",
      "display": "Analogue output",
      "label": "Output",
      "stretchable": false,
      "services" : [
        "AO1",
        "AO2"
      ],
      "subServices" : [
      ],
      "input":[
        {
          "dataType": "value",
          "name": "Output"
        }
      ],
      "output": [
      ]
    },
    {
      "accordion" : "Output",
      "primaryType": "outputNode",
      "type" : "digitalOutput",
      "display": "Digital output",
      "label": "Output",
      "stretchable": false,
      "services" : [
        "DO1",
        "DO2",
        "DO3",
        "DO4"
      ],
      "subServices" : [
      ],
      "input":[
        {
          "dataType": "bool",
          "name": "Input"
        }
      ],
      "output": [
      ]
    },
    {
      "accordion" : "Output",
      "primaryType": "outputNode",
      "type" : "applianceOutput",
      "display": "Appliance output",
      "label": "Output",
      "stretchable": false,
      "services" : [
        "sgr.ActiveEnergyAC",
        "sgr.ActiveEnergyBalanceAC",
        "sgr.ActivePowerAC",
        "sgr.ApparentPowerAC",
        "sgr.CurrentAC",
        "sgr.Frequency",
        "sgr.PowerFactor",
        "sgr.ReactiveEnergyAC",
        "sgr.ReactivePowerAC",
        "sgr.VoltageAC"
      ],
      "subServices" : [
        {
          "primary": "sgr.ActiveEnergyAC",
          "secondary": [
            {
              "dataType": "value",
              "name": "ActiveEnergyACL1"
            },
            {
              "dataType": "value",
              "name": "ActiveEnergyACL2"
            },
            {
              "dataType": "value",
              "name": "ActiveEnergyACL3"
            },
            {
              "dataType": "value",
              "name": "ActiveEnergyACtot"
            }
          ]
        }
      ],
      "input":[
        {
          "dataType": "variable",
          "name": "Output"
        }
      ],
      "output": [
      ]
    },
    {
      "accordion" : "Constant",
      "primaryType": "inputNode",
      "type" : "constantInput",
      "display": "Constant value",
      "label": "Input",
      "stretchable": false,
      "services" : [
      ],
      "subServices" : [
      ],
      "input":[
      ],
      "output": [
        {
          "dataType": "value",
          "name": "Output"
        }
      ]
    },
    {
      "accordion" : "Input",
      "primaryType": "inputNode",
      "type" : "analogueInput",
      "display": "Analogue input",
      "label": "Input",
      "stretchable": false,
      "services" : [
        "AI1",
        "AI2",
        "TEMP1",
        "TEMP2"
      ],
      "subServices" : [
      ],
      "input":[
      ],
      "output": [
        {
          "dataType": "value",
          "name": "Output"
        }
      ]
    },
    {
      "accordion" : "Input",
      "primaryType": "inputNode",
      "type" : "digitalInput",
      "display": "Digital input",
      "label": "Input",
      "stretchable": false,
      "services" : [
        "DI1",
        "DI2",
        "DI3",
        "DI4",
        "DI5",
        "DI6",
        "DI7",
        "DI8"
      ],
      "subServices" : [
      ],
      "input":[
      ],
      "output": [
        {
          "dataType": "bool",
          "name": "Output"
        }
      ]
    },
    {
      "accordion" : "Input",
      "primaryType": "inputNode",
      "type" : "applianceInput",
      "display": "Appliance input",
      "label": "Input",
      "stretchable": false,
      "services" : [
        "sgr.ActiveEnergyAC",
        "sgr.ActiveEnergyBalanceAC",
        "sgr.ActivePowerAC",
        "sgr.ApparentPowerAC",
        "sgr.CurrentAC",
        "sgr.Frequency",
        "sgr.PowerFactor",
        "sgr.ReactiveEnergyAC",
        "sgr.ReactivePowerAC",
        "sgr.VoltageAC"
      ],
      "subServices" : [
        {
          "primary": "sgr.ActiveEnergyAC",
          "secondary": [
            {
              "dataType": "value",
              "name": "ActiveEnergyACL1"
            },
            {
              "dataType": "value",
              "name": "ActiveEnergyACL2"
            },
            {
              "dataType": "value",
              "name": "ActiveEnergyACL3"
            },
            {
              "dataType": "value",
              "name": "ActiveEnergyACtot"
            }
          ]
        },
        {
          "primary": "sgr.ActiveEnergyBalanceAC",
          "secondary": [
            {
              "dataType": "value",
              "name": "proiut"
            },
            {
              "dataType": "value",
              "name": "pfmdsko"
            },
            {
              "dataType": "value",
              "name": "nfdsi"
            },
            {
              "dataType": "value",
              "name": " csaj"
            }
          ]
        }
      ],
      "input":[
      ],
      "output": [
        {
          "dataType": "variable",
          "name": "Output"
        }
      ]
    },
    {
      "accordion": "Logical gate",
      "primaryType": "LogicalNode",
      "type": "AndNode",
      "display": "And Node",
      "label": "&",
      "stretchable": true,
      "services": [
      ],
      "subServices": [
      ],
      "input": [
        {
          "dataType": "bool",
          "name": "Input"
        },
        {
          "dataType": "bool",
          "name": "Input"
        }
      ],
      "output": [
        {
          "dataType": "bool",
          "name": "Output"
        }
      ]
    },
    {
      "accordion": "Logical gate",
      "primaryType": "LogicalNode",
      "type": "OrNode",
      "display": "Or Node",
      "label": ">=1",
      "stretchable": true,
      "services": [
      ],
      "subServices": [
      ],
      "input": [
        {
          "dataType": "bool",
          "name": "Input"
        },
        {
          "dataType": "bool",
          "name": "Input"
        }
      ],
      "output": [
        {
          "dataType": "bool",
          "name": "Output"
        }
      ]
    },
    {
      "accordion": "Timer",
      "primaryType": "LogicalNode",
      "type": "TONNode",
      "display": "Ton Node",
      "label": "TON",
      "stretchable": false,
      "services": [
      ],
      "subServices": [
      ],
      "input": [
        {
          "dataType": "bool",
          "name": "Input"
        },
        {
          "dataType": "value",
          "name": "Time"
        }
      ],
      "output": [
        {
          "dataType": "bool",
          "name": "Output"
        }
      ]
    }
  ]
}