{
  "en": {
    "toc-title": "Contents",
    "tof-title": "Figures",
    "tot-title": "Tables",
    "tol-title": "Listings",
    "toe-title": "Equations",
    "bib-title": "Bibliography",
    "gloss-title": "Glossary",
    "ack-title": "Acknowledgements",
    "abstract-title": "Abstract",
    "introduction-title": "Introduction",
    "analysis-title": "Analysis",
    "design-title": "Design",
    "implementation-title": "Implementation",
    "validation-title": "Validation",
    "conclusion-title": "Conclusion",
    "appendix-title": "Appendix",
    "figure-name": "Figure",
    "table-name": "Table",
    "listing-name": "Listing",
    "equation-name": "Equation",
    "degree-programme": "Degree Programme",
    "major": "Major",
    "thesis-title": "Bachelor's Thesis",
    "midterm-title": "Midterm Report",
    "diploma": "Diploma",
    "professor": "Professor",
    "expert": "Expert",
    "student": "Student",
    "partner": "Partner",
    "graduate": "Graduate",
    "author": "Author",
    "email": "E-Mail",
    "keywords": "Keywords",
    "objective": "Objective",
    "objective-text": "Description (one sentence with max. 240 characters, with spaces.)",
    "methods-experiences-results": "Methods | Experiences | Results",
    "submission-date": "Submission date",
    "contact-info": "Contact Information",
    "report-info": "Information about this report",
    "declaration-title": "Declaration of honor",
    "declaration-text": "I, undersigned, hereby declare that the work submitted is the result of a personal work. I certify that I have not resorted to plagiarism or other forms of fraud. All sources of information used and the author quotes were clearly mentioned",
    "declaration-signature-prefix": "Place, date",
    "declaration-signature": "Signature"
  },
  "fr": {
    "toc-title": "Contenu",
    "tof-title": "Figures",
    "tol-title": "Listings",
    "tot-title": "Tableaux",
    "toe-title": "Équations",
    "bib-title": "Bibliographie",
    "gloss-title": "Glossaire",
    "appendix-title": "Annexes",
    "ack-title": "Remerciements",
    "abstract-title": "Résumé",
    "introduction-title": "Introduction",
    "analysis-title": "Analyse",
    "design-title": "Conception",
    "implementation-title": "Implémentation",
    "validation-title": "Validation",
    "conclusion-title": "Conclusion",
    "figure-name": "Figure",
    "table-name": "Table",
    "listing-name": "Listing",
    "equation-name": "Équation",
    "degree-programme": "Filière",
    "major": "Orientation",
    "thesis-title": "Thèse de Bachelor",
    "midterm-title": "Rapport intermédiaire",
    "diploma": "Diplôme",
    "professor": "Professeur",
    "expert": "Expert",
    "student": "Étudiante",
    "partner": "Partnaire",
    "graduate": "Diplômé",
    "author": "Auteur",
    "email": "E-Mail",
    "keywords": "Mots-clés",
    "objective": "Objectif",
    "objective-text": "Description (une phrase avec max. 240 caractères, espaces compris.)",
    "methods-experiences-results": "Méthodes | Expériences | Résultats",
    "submission-date": "Date de soumission",
    "contact-info": "Coordonnées",
    "report-info": "Informations sur ce rapport",
    "declaration-title": "Déclaration sur l’honneur",
    "declaration-text": "Je soussigné(e), déclare par la présente que le travail soumis est le résultat d’un travail personnel. Je certifie ne pas avoir eu recours au plagiat ou à d’autres formes de fraude. Toutes les sources d’information utilisées et les citations d’auteurs ont été clairement mentionnées.",
    "declaration-signature-prefix": "Lieu, date:",
    "declaration-signature": "Signature:"
  },
  "de": {
    "toc-title": "Inhalt",
    "tof-title": "Abbildungen",
    "tol-title": "Quelltexte",
    "tot-title": "Tabellen",
    "toe-title": "Gleichungen",
    "bib-title": "Literatur",
    "gloss-title": "Glossar",
    "appendix-title": "Anhang",
    "ack-title": "Danksagung",
    "abstract-title": "Zusammenfassung",
    "introduction-title": "Einleitung",
    "analysis-title": "Analyse",
    "design-title": "Entwurf",
    "implementation-title": "Implementierung",
    "validation-title": "Validierung",
    "conclusion-title": "Schlussfolgerung",
    "figure-name": "Abbildung",
    "table-name": "Tabelle",
    "listing-name": "Listing",
    "equation-name": "Gleichung",
    "degree-programme": "Studiengang",
    "major": "Spezialisierung",
    "thesis-title": "Bachelorarbeit",
    "midterm-title": "Zwischenbericht",
    "diploma": "Diploma",
    "professor": "Professor",
    "expert": "Experte",
    "student": "Student",
    "partner": "Partner",
    "graduate": "Absolvent",
    "author": "Autor",
    "email": "E-Mail",
    "keywords": "Schlüsselwörter",
    "objective": "Zielsetzung",
    "objective-text": "Beschreibung (ein Satz mit max. 240 Zeichen, inkl. Leerzeichen.)",
    "methods-experiences-results": "Methoden | Erfahrungen | Ergebnisse",
    "submission-date": "Abgabedatum",
    "contact-info": "Kontaktinformationen",
    "report-info": "Informationen zu diesem Bericht",
    "declaration-title": "Ehrenwörtliche Erklärung",
    "declaration-text": "Ich, der/die Unterzeichnende, erkläre hiermit, dass die eingereichte Arbeit das Ergebnis einer eigenen Leistung ist. Ich versichere, dass ich weder Plagiat noch andere Formen von Betrug begangen habe. Alle verwendeten Informationsquellen und Autorenzitate wurden klar angegeben.",
    "declaration-signature-prefix": "Ort, Datum:",
    "declaration-signature": "Signature:"
  }
}
